Date,Open,Close,Predicted_Open
01-01-2020,315.0345054,314.7991943,315.4539651
02-01-2020,314.8462655,319.3642273,320.018296
03-01-2020,318.0935194,314.0932312,314.7481106
06-01-2020,312.2107732,300.256958,300.9139654
07-01-2020,305.3867453,299.6921997,300.349294
08-01-2020,293.7623841,301.0099487,301.6668403
09-01-2020,307.6927656,310.7988892,311.4542752
10-01-2020,311.5518687,312.7284241,313.3835134
13-01-2020,314.3756337,311.3165894,311.9718958
14-01-2020,310.4223471,308.7281189,309.3838234
15-01-2020,309.6693971,305.1984863,305.8547337
16-01-2020,304.9631733,304.3042908,304.9606757
17-01-2020,294.6094826,299.3157043,299.9728565
20-01-2020,302.1394617,295.5507507,296.2084819
21-01-2020,295.362473,295.2683716,295.9261462
22-01-2020,298.3744347,297.5743713,298.2317913
23-01-2020,297.433204,304.2101746,304.8665739
24-01-2020,304.49252,305.0101929,305.6664692
27-01-2020,302.0452909,297.62146,298.2788727
28-01-2020,299.2686421,296.5860901,297.243662
29-01-2020,299.1745173,297.856781,298.5141575
30-01-2020,298.1391581,292.4446411,293.10285
31-01-2020,295.2683775,299.7392883,300.3963753
03-02-2020,285.1970527,280.5849609,281.2449939
04-02-2020,285.102929,288.2561035,288.9149566
05-02-2020,288.8678822,292.7269897,293.3851552
06-02-2020,292.9152536,303.0336304,303.6902107
07-02-2020,302.610075,301.7158813,302.3726644
10-02-2020,301.009922,299.7863159,300.4433957
11-02-2020,302.186479,305.2926025,305.9488354
12-02-2020,310.5165282,301.3864746,302.0433083
13-02-2020,303.0806864,308.2104797,308.8662639
14-02-2020,308.8222911,300.6334534,301.2904028
17-02-2020,302.0924136,295.7390137,296.3967159
18-02-2020,296.8684508,298.8921204,299.5493377
19-02-2020,303.3630276,301.5276184,302.1844304
20-02-2020,300.5863954,308.3987122,309.0544673
24-02-2020,306.610326,303.9748535,304.6312891
25-02-2020,306.7515491,307.5986633,308.2545416
26-02-2020,305.763238,308.9164124,309.5720879
27-02-2020,308.7281472,303.0336304,303.6902107
28-02-2020,293.6682201,285.1970215,285.8563451
02-03-2020,292.7269825,270.5136108,271.1751927
03-03-2020,275.7846163,272.8197021,273.4809294
04-03-2020,274.6551065,268.5370178,269.1989037
05-03-2020,273.8079613,271.5489807,272.2104034
06-03-2020,252.2535021,254.6066132,255.2706415
09-03-2020,244.7705843,238.5583801,239.2248767
11-03-2020,238.13483,230.6990051,231.3667105
12-03-2020,218.2745552,200.108551,200.7809612
13-03-2020,188.2488787,227.7811432,228.4492973
16-03-2020,214.509579,210.2269287,210.8977827
17-03-2020,213.850726,202.508728,203.180769
18-03-2020,208.0150064,202.5557861,203.2278199
19-03-2020,191.0255343,191.6844025,192.3581082
20-03-2020,193.4727729,197.5201263,198.1929346
23-03-2020,178.8364241,170.9299774,171.6068752
24-03-2020,179.7306024,172.4359589,173.112625
25-03-2020,167.5414924,178.7422943,179.4179906
26-03-2020,180.2953601,181.4248505,182.1001341
27-03-2020,190.1313598,184.4368286,185.1116491
30-03-2020,178.8364271,175.9185638,176.5946944
31-03-2020,180.718925,185.2839661,185.9586562
01-04-2020,182.6014096,175.5891418,176.2653231
03-04-2020,176.5303824,165.188385,165.8661659
07-04-2020,173.5654484,175.447937,176.1241399
08-04-2020,172.153581,172.2477112,172.9244063
09-04-2020,176.9539237,176.7186127,177.3946202
13-04-2020,175.8244472,172.718338,173.3949608
15-04-2020,176.0126904,171.63591,172.3126992
16-04-2020,171.3064723,177.4245605,178.1004595
17-04-2020,184.4838994,181.8954773,182.5706886
20-04-2020,182.6013959,181.1895294,181.8648493
21-04-2020,176.9539417,173.8948975,174.5713392
22-04-2020,174.6008441,177.6128235,178.2886935
23-04-2020,176.7186103,175.7303009,176.4064604
24-04-2020,173.1889635,169.1886749,169.8658405
27-04-2020,172.7183286,170.2710876,170.9480868
28-04-2020,171.306464,173.4713287,174.1478357
29-04-2020,174.1301905,178.930542,179.6062093
30-04-2020,182.1308012,179.3070679,179.9826773
04-05-2020,171.7300392,168.341568,169.0188639
05-05-2020,170.3652268,160.388031,161.0665501
06-05-2020,161.0939562,161.0469055,161.7253233
07-05-2020,160.8116137,160.7174835,161.395952
08-05-2020,162.3175881,156.8583679,157.5374299
11-05-2020,158.0819773,155.7288666,156.4081023
12-05-2020,154.5523019,157.0936584,157.7726843
13-05-2020,168.0591702,163.870636,164.5486195
14-05-2020,160.9057185,158.0819855,158.7608593
15-05-2020,158.0819938,156.6230621,157.3021603
18-05-2020,156.623067,146.1752625,146.8559675
19-05-2020,148.2459893,143.8221436,144.5032105
20-05-2020,144.0103794,144.3868713,145.0678514
21-05-2020,144.622192,143.0220795,143.7032695
22-05-2020,143.0691348,141.9867096,142.6680588
26-05-2020,143.4456236,142.5043793,143.1856489
27-05-2020,143.0220734,149.2813568,149.9615841
28-05-2020,150.0814016,148.9048462,149.5851314
29-05-2020,146.9282407,151.8227081,152.5025446
01-06-2020,154.3640777,160.058609,160.7371788
02-06-2020,159.9174002,160.2468414,160.9253823
03-06-2020,162.3646611,164.623642,165.3015097
04-06-2020,164.6236269,163.8235779,164.5015686
05-06-2020,166.1767018,176.7657013,177.4417016
08-06-2020,185.4251371,175.8244476,176.5005927
09-06-2020,176.6715469,173.6125031,174.2889883
10-06-2020,173.7066407,176.6715546,177.3475693
11-06-2020,176.9539473,166.7414398,167.4189818
12-06-2020,160.0115367,168.6239166,169.3011691
15-06-2020,167.4003133,163.4941406,164.172182
16-06-2020,167.5415178,162.7411652,163.4193224
17-06-2020,160.9527844,162.788208,163.466358
18-06-2020,162.2705218,169.0945435,169.7717235
19-06-2020,169.7063681,173.6595917,174.3360696
22-06-2020,174.1301978,176.6715546,177.3475693
23-06-2020,178.4599335,181.1424713,181.8177984
24-06-2020,183.3544132,173.7537231,174.4301866
25-06-2020,171.494711,174.365509,175.0418784
26-06-2020,176.9539484,173.7537231,174.4301866
29-06-2020,172.2477144,168.7180481,169.3952861
30-06-2020,170.4593481,167.9650421,168.6423959
01-07-2020,168.9063075,173.9419708,174.6184054
02-07-2020,174.7420027,174.5537567,175.2300972
03-07-2020,175.6832477,173.8478241,174.5242731
06-07-2020,175.6362056,177.0010071,177.6769711
07-07-2020,176.0126953,177.518692,178.1945765
08-07-2020,177.8010533,180.6247864,181.3001931
09-07-2020,181.4719066,187.4017487,188.0761131
10-07-2020,186.3663874,184.1074066,184.7822777
13-07-2020,187.1193732,181.3777771,182.053068
14-07-2020,181.0012922,175.118515,175.7947686
15-07-2020,176.9068755,173.0007172,173.6772965
16-07-2020,174.1302224,175.306778,175.9830026
17-07-2020,175.8244602,177.1421967,177.818139
20-07-2020,178.8364251,179.5423584,180.2179316
21-07-2020,181.1424665,182.97789,183.6529348
22-07-2020,184.2015191,180.7189178,181.3943101
23-07-2020,181.0954144,186.6016998,187.2761873
24-07-2020,184.2015107,180.6718445,181.347244
27-07-2020,181.6601704,176.1538849,176.8299792
28-07-2020,176.9539394,178.3187408,178.9945022
29-07-2020,176.5774559,179.9659271,180.6414352
30-07-2020,181.189543,175.5891418,176.2653231
31-07-2020,176.9539427,180.2012329,180.8767048
03-08-2020,180.7189125,180.9542236,181.6295797
04-08-2020,181.9896155,180.3424377,181.0178879
05-08-2020,181.4248535,180.2012329,180.8767048
06-08-2020,181.0012763,179.7305908,180.4061351
07-08-2020,180.2012253,179.4482269,180.1238146
10-08-2020,180.5777386,182.4131622,183.0882939
11-08-2020,183.5426566,183.5897217,184.2646724
12-08-2020,184.4838938,191.3549805,192.0287369
13-08-2020,193.4257014,190.0372162,190.7111753
14-08-2020,191.0726018,184.9545135,185.6292544
17-08-2020,186.7899363,181.7542877,182.4295207
18-08-2020,182.4131592,183.6367798,184.3117233
19-08-2020,184.8603811,185.4721985,186.1468597
20-08-2020,182.6014092,183.3073425,183.9823367
21-08-2020,187.3076265,186.7428741,187.4173399
24-08-2020,188.2488613,189.6136627,190.287687
25-08-2020,192.0138533,195.7317657,196.404849
26-08-2020,196.2494408,197.5201263,198.1929346
27-08-2020,198.1319369,202.9793396,203.6513082
28-08-2020,204.2500349,211.6388092,212.309446
31-08-2020,217.9451218,199.5437927,200.2162897
01-09-2020,200.5791786,205.2854004,205.9570143
02-09-2020,205.4265713,203.5440826,204.2159644
03-09-2020,204.7206392,200.6262207,201.2985512
04-09-2020,197.6613152,194.4610901,195.1343688
07-09-2020,195.3082004,195.6846924,196.3577829
08-09-2020,195.6846952,192.0609131,192.7345609
09-09-2020,189.2842514,183.401474,184.0764537
10-09-2020,186.0840113,186.5075684,187.1820703
11-09-2020,186.884064,190.7902222,191.4640655
14-09-2020,193.8022081,186.8370056,187.5114569
15-09-2020,188.1547341,188.3900452,189.0642576
16-09-2020,188.1076883,186.5546265,187.2291212
17-09-2020,185.4251487,183.966217,184.6411099
18-09-2020,184.4838858,181.2836609,181.9589663
21-09-2020,181.707231,174.8832092,175.559499
22-09-2020,175.2126395,175.2597046,175.9359365
23-09-2020,177.0951215,173.0007172,173.6772965
24-09-2020,170.4593598,165.9884491,166.6661069
25-09-2020,168.4827414,171.4947205,172.1715314
28-09-2020,173.188957,176.2480011,176.924081
29-09-2020,177.4245513,174.1772614,174.8536597
30-09-2020,174.1772869,174.5067139,175.1830616
01-10-2020,176.0126807,179.1187897,179.794428
05-10-2020,180.7189259,177.6598816,178.3357443
06-10-2020,179.8718155,180.3424377,181.0178879
07-10-2020,181.2366081,179.4953003,180.1708807
08-10-2020,180.1071254,180.2483063,180.9237709
09-10-2020,180.7189304,186.6487732,187.3232534
12-10-2020,187.9664823,187.025238,187.6996604
13-10-2020,186.9781754,184.2015076,184.8763642
14-10-2020,182.6484778,188.2959442,188.9701711
15-10-2020,189.1901178,181.5189819,182.1942511
16-10-2020,182.601405,184.4368286,185.1116491
19-10-2020,184.6721459,192.013855,192.6875101
20-10-2020,189.1901208,191.1196747,191.7934673
21-10-2020,192.6727132,191.7785339,192.4522252
22-10-2020,190.0372298,191.3549805,192.0287369
23-10-2020,192.013844,190.8843536,191.5581825
26-10-2020,190.7902273,185.1427612,185.8174731
27-10-2020,185.6604522,183.2132111,183.8882197
28-10-2020,183.5426594,179.2599945,179.9356111
29-10-2020,178.224641,177.6128235,178.2886935
30-10-2020,178.2246233,178.1304932,178.8062835
02-11-2020,180.9071486,184.5309448,185.2057508
03-11-2020,186.366388,192.7197876,193.3933341
04-11-2020,191.5432151,194.8375702,195.510791
05-11-2020,203.3087783,205.8030701,206.4746044
06-11-2020,206.132509,206.320755,206.9922097
09-11-2020,209.4268672,206.6031342,207.2745454
10-11-2020,209.9916113,218.0863037,218.7559489
11-11-2020,219.0746212,220.4394226,221.1087059
12-11-2020,219.4981862,213.4742279,214.1445824
13-11-2020,211.7799715,215.9685059,216.6384768
14-11-2020,218.3686834,216.1567535,216.8266955
17-11-2020,218.2275021,226.0868835,226.7552982
18-11-2020,225.3338886,237.193573,237.8602795
19-11-2020,233.4286117,225.6633453,226.3318252
20-11-2020,227.3105051,228.4870605,229.1551061
23-11-2020,229.192994,224.6750183,225.3436501
24-11-2020,226.3692713,229.5224457,230.190332
25-11-2020,231.028412,228.7223663,229.3903757
26-11-2020,229.6636105,231.0284119,231.6960666
27-11-2020,231.0284314,229.898941,230.5667694
01-12-2020,230.604849,233.475647,234.1429253
02-12-2020,233.7580431,232.4402924,233.1077299
03-12-2020,234.6522099,241.2409058,241.9069898
04-12-2020,241.89981,248.0178986,248.6829403
07-12-2020,248.3002563,253.759491,254.4236496
08-12-2020,255.0301668,255.9243317,256.5881574
09-12-2020,256.1125705,254.4653931,255.1294432
10-12-2020,253.1947294,253.7124023,254.3765683
11-12-2020,254.1830073,256.4420166,257.1057627
14-12-2020,257.900973,258.0892334,258.7527262
15-12-2020,257.9479972,254.7477722,255.4117789
16-12-2020,256.7714686,253.5712433,254.2354309
17-12-2020,254.1359809,251.9711304,252.6355641
18-12-2020,251.9711572,255.500824,256.1647148
21-12-2020,252.677048,239.7349243,240.4012399
22-12-2020,239.8290733,242.3233795,242.989297
23-12-2020,241.8527398,247.5472565,248.2123706
24-12-2020,249.4297585,251.1710663,251.835623
28-12-2020,252.959419,259.0304565,259.6938045
29-12-2020,260.0658111,261.5718079,262.234765
30-12-2020,261.6658981,260.6305237,261.2936256
31-12-2020,258.8421862,258.7951355,259.4585197
01-01-2021,258.7480734,262.9836731,263.6464131
04-01-2021,265.2897254,264.5367126,265.1992138
05-01-2021,261.7129717,265.1955872,265.857987
06-01-2021,266.3721573,268.3016968,268.9636189
07-01-2021,272.0195961,270.79599,271.4575285
08-01-2021,273.055,269.1958923,269.8576769
11-01-2021,271.0783946,265.9015503,266.5638415
12-01-2021,263.5484108,275.3139648,275.9748084
13-01-2021,278.6083156,288.7737427,289.4325162
14-01-2021,288.6796538,289.1973267,289.856035
15-01-2021,288.7737236,285.9970703,286.6562709
18-01-2021,285.6676641,277.1494141,277.8099754
19-01-2021,280.1613789,281.0555725,281.7155331
20-01-2021,281.2438017,284.773468,285.4328568
21-01-2021,286.1382897,277.5259094,278.1864128
22-01-2021,278.1377083,267.0310364,267.6931539
25-01-2021,267.7840331,264.442627,265.1051426
27-01-2021,263.7366892,259.45401,260.1172929
28-01-2021,255.9243012,265.7603149,266.4226279
29-01-2021,268.8194104,265.5250549,266.1874041
01-02-2021,268.3487792,292.4446411,293.10285
02-02-2021,296.4919458,313.5284729,314.1834391
03-02-2021,314.1402801,316.2110291,316.8655827
04-02-2021,314.7521298,334.2359009,334.8876823
05-02-2021,364.2615773,370.0031738,370.6494543
08-02-2021,374.615263,373.7210693,374.366778
09-02-2021,373.4387095,371.6032715,372.2493059
10-02-2021,370.8973535,369.203125,369.8495285
11-02-2021,368.7795184,367.2264709,367.8731785
12-02-2021,368.0265319,370.0502014,370.6964746
15-02-2021,374.1446574,383.0394287,383.6837042
16-02-2021,387.7926577,378.7096558,379.3545972
17-02-2021,379.3214847,387.557373,388.2009537
18-02-2021,400.0759219,390.8046875,391.4477687
19-02-2021,390.616394,376.0741577,376.7195045
22-02-2021,377.0625034,366.6146851,367.2614867
23-02-2021,368.9677769,372.3562622,373.0021808
24-02-2021,373.6740133,382.3805237,383.0249005
25-02-2021,386.851413,383.3217468,383.9659789
26-02-2021,376.0271112,367.2264709,367.8731785
01-03-2021,371.8856572,371.7444763,372.390489
02-03-2021,371.7915277,371.0385437,371.6846649
03-03-2021,373.2033795,381.2510071,381.8955576
04-03-2021,375.2741328,372.4033203,373.0492316
05-03-2021,371.7915278,361.1083984,361.7560469
08-03-2021,365.626376,366.7088013,367.3555884
09-03-2021,370.3326098,364.8263245,365.4734011
10-03-2021,368.1206657,364.9204407,365.5675029
12-03-2021,368.6854485,358.708252,359.3562696
15-03-2021,360.0259527,361.343689,361.9913013
16-03-2021,362.9438345,356.3080444,356.9564312
17-03-2021,355.978627,346.519104,347.1689963
18-03-2021,349.6722923,345.5308228,346.180867
19-03-2021,342.5658625,349.342804,349.992262
22-03-2021,350.1428978,345.436676,346.0867348
23-03-2021,347.0368108,350.8017883,351.451022
24-03-2021,346.8485763,338.7068176,339.3579114
25-03-2021,338.8479477,334.3299866,334.9817535
26-03-2021,338.8479358,336.2124634,336.8639408
30-03-2021,338.9420983,339.6009521,340.2519085
31-03-2021,339.1303169,342.8952942,343.5457438
01-04-2021,346.0955692,348.8722229,349.5217533
05-04-2021,345.9072862,332.7769165,333.4289223
06-04-2021,334.8006482,329.9532166,330.6056567
07-04-2021,330.6120819,337.4831543,338.1344363
08-04-2021,339.7891955,334.7064819,335.358191
09-04-2021,333.5769831,332.2592468,332.9113323
12-04-2021,323.7880438,309.5281982,310.1837797
13-04-2021,312.4931258,320.964325,321.6181476
15-04-2021,321.9997312,322.5644836,323.2180601
16-04-2021,322.8467876,319.9289246,320.5829064
19-04-2021,307.9280769,311.6930542,312.3483027
20-04-2021,315.4109888,310.1400146,310.795502
22-04-2021,306.845657,316.8699036,317.5243559
23-04-2021,312.1637111,316.6817017,317.3361829
26-04-2021,319.3171619,324.0704346,324.7237795
27-04-2021,323.7880551,332.3063049,332.9583831
28-04-2021,336.0242592,342.0482178,342.6987977
29-04-2021,343.5542081,338.2832336,338.9343926
30-04-2021,332.6828077,332.7298584,333.3818715
03-05-2021,329.0590303,330.0002747,330.6527075
04-05-2021,334.1417676,330.8474121,331.4997147
05-05-2021,335.5535935,334.518219,335.169957
06-05-2021,336.965484,334.6594238,335.3111401
07-05-2021,336.4948724,337.2008057,337.8521311
10-05-2021,339.3186153,340.4481201,341.0989461
11-05-2021,335.8830373,343.2247314,343.8751304
12-05-2021,341.4834605,346.0955811,346.7455385
14-05-2021,348.2604177,339.2715454,339.9225524
17-05-2021,342.9894183,360.5906982,361.2384263
18-05-2021,367.0852931,359.7906494,360.4385006
19-05-2021,359.5553503,361.8143311,362.461871
20-05-2021,364.2615348,361.9554749,362.602993
21-05-2021,367.0853097,377.6272583,378.2723662
24-05-2021,392.4988927,387.8397217,388.4832589
25-05-2021,390.7105534,388.1221313,388.7656251
26-05-2021,389.4869285,389.2516174,389.8949375
27-05-2021,389.3927922,400.2171021,400.8587356
28-05-2021,405.2057241,397.2521973,397.8942868
31-05-2021,396.2638788,399.4170532,400.0588099
01-06-2021,401.0171653,407.1352539,407.7758235
02-06-2021,405.4880446,411.559082,412.1989712
03-06-2021,415.1213514,417.6386719,418.277626
04-06-2021,415.5963095,411.891571,412.5314091
07-06-2021,413.3164803,410.6091614,411.2491967
08-06-2021,410.6091691,405.8120117,406.4527848
09-06-2021,406.0969449,400.3498535,400.9914667
10-06-2021,403.6271375,410.6091614,411.2491967
11-06-2021,413.078983,408.0918274,408.7322498
14-06-2021,405.6220046,408.8042908,409.4446036
15-06-2021,407.7118574,407.9968262,408.6372632
16-06-2021,406.5719267,404.6245728,405.2655285
17-06-2021,399.9223812,399.2099304,399.8517189
18-06-2021,402.6771836,392.2279053,392.8707676
21-06-2021,386.0058695,398.7349854,399.3768469
22-06-2021,401.8222534,397.690033,398.3320552
23-06-2021,400.0173878,397.8800354,398.5220284
24-06-2021,399.3049402,396.3126526,396.9548867
25-06-2021,399.9224016,407.3318787,407.972418
28-06-2021,409.1367433,405.384491,406.0253298
29-06-2021,406.0969451,400.3973389,401.0389447
30-06-2021,401.8222637,398.2125244,398.8544663
01-07-2021,399.2574178,399.352417,399.9941836
02-07-2021,399.2574237,403.1521606,403.7933428
05-07-2021,405.1470446,410.9891357,411.6291126
06-07-2021,410.0866977,408.234314,408.8747145
07-07-2021,407.8543676,411.1791382,411.8190858
08-07-2021,411.1315746,403.199646,403.8408209
09-07-2021,403.7221471,402.534729,403.1760061
12-07-2021,405.1470197,406.049469,406.6902056
13-07-2021,408.471787,407.6168518,408.2573473
14-07-2021,407.5218539,409.4692078,410.1094184
15-07-2021,411.0366349,410.0867004,410.7268161
16-07-2021,410.3716706,408.4718018,409.1121658
19-07-2021,402.2022239,406.4769287,407.1175995
20-07-2021,405.6219674,399.8273621,400.4690556
22-07-2021,404.2445702,400.9197998,401.5613253
23-07-2021,401.7272732,407.4268799,408.0674046
26-07-2021,406.3819438,402.1072388,402.7485816
27-07-2021,402.9146493,408.4242859,409.0646572
28-07-2021,408.4717873,404.1970825,404.838104
29-07-2021,404.672044,419.443512,420.0821885
30-07-2021,419.3960778,410.1817017,410.8218027
02-08-2021,412.984011,413.1264954,413.7661435
03-08-2021,413.1739904,424.1457214,424.7836748
04-08-2021,426.1880673,434.0725403,434.7089669
05-08-2021,437.9197852,419.7285461,420.3671789
06-08-2021,421.4859178,413.8389282,414.4784668
09-08-2021,415.9763043,411.7015991,412.3414664
10-08-2021,412.6514786,405.0995178,405.7404005
11-08-2021,408.2818005,406.6194153,407.2600642
12-08-2021,408.4717841,405.7644653,406.4052457
13-08-2021,406.1919855,409.6117554,410.2519441
16-08-2021,408.4718074,403.5796509,404.2207673
17-08-2021,403.5796248,400.3973389,401.0389447
18-08-2021,401.0147913,398.6874695,399.3293383
20-08-2021,394.2227926,386.3383484,386.9821165
23-08-2021,390.5180393,388.9981384,389.6414975
24-08-2021,388.9981522,396.692627,397.3348026
25-08-2021,398.0225063,395.4101868,396.0525596
26-08-2021,393.7478316,390.1855774,390.8287538
27-08-2021,389.8055776,391.8004456,392.4433736
30-08-2021,393.6528194,401.5372925,402.178723
31-08-2021,402.6297052,404.7195435,405.3604846
01-09-2021,406.0969637,408.3768005,409.0171792
02-09-2021,409.8016999,408.234314,408.8747145
03-09-2021,409.6592429,409.8017273,410.4418868
06-09-2021,410.371657,409.4692078,410.1094184
07-09-2021,409.4692065,407.6168518,408.2573473
08-09-2021,407.5218598,409.7542114,410.3943782
09-09-2021,408.7092927,410.6566467,411.2966747
13-09-2021,408.5668184,411.1791382,411.8190858
14-09-2021,413.221463,411.3215942,411.96152
15-09-2021,411.3215935,421.6283875,422.266728
16-09-2021,422.5783196,440.4845886,441.1200291
17-09-2021,444.5692858,431.3652039,432.0020469
20-09-2021,426.9005272,415.5488281,416.1881037
21-09-2021,418.1136245,416.8312073,417.4702856
22-09-2021,416.9262388,416.8787537,417.5178247
23-09-2021,420.2509782,427.2804871,427.9179583
24-09-2021,428.5154208,418.6835938,419.3223872
27-09-2021,422.6257921,424.2406921,424.8786309
28-09-2021,426.7105594,422.625824,423.2640111
29-09-2021,419.7285148,436.9698181,437.6057992
30-09-2021,436.9223376,430.320282,430.9572857
01-10-2021,426.0455847,429.0378723,429.6750733
04-10-2021,431.080205,439.9620972,440.597618
05-10-2021,438.8697052,441.4345398,442.0698342
06-10-2021,441.719505,434.3100281,434.9464182
07-10-2021,438.9647118,434.9749756,435.6112634
08-10-2021,438.7746846,435.0699463,435.7062195
11-10-2021,436.9698506,445.7567444,446.391374
12-10-2021,446.4691516,458.8182983,459.4509191
13-10-2021,461.810626,457.5834351,458.2162457
14-10-2021,457.8683698,466.0378113,466.6693217
18-10-2021,469.267584,473.0198364,473.650273
19-10-2021,475.299693,463.7579956,464.3898566
20-10-2021,464.3279448,474.8722229,475.5023746
21-10-2021,479.621886,477.7695313,478.3992373
22-10-2021,479.3369173,477.7695313,478.3992373
25-10-2021,481.1417847,481.1417847,481.7709721
26-10-2021,482.1866972,486.888855,487.5171585
27-10-2021,487.9813236,493.1584778,493.785817
28-10-2021,493.5859082,476.2496338,476.8795736
29-10-2021,476.3921004,477.009552,477.639375
01-11-2021,483.0416556,489.8811951,490.5090384
02-11-2021,489.0262096,495.58078,496.2077467
03-11-2021,497.7656264,501.2329102,501.8590076
04-11-2021,504.8901503,503.8927307,504.5184191
08-11-2021,507.6924694,497.0531921,497.6799324
09-11-2021,499.9029735,502.6578064,503.2836847
10-11-2021,499.2380197,498.1456299,498.7722021
11-11-2021,496.6731489,484.0865479,484.7152824
12-11-2021,486.366414,485.7489624,486.3774412
15-11-2021,486.7463903,481.1892395,481.8184196
16-11-2021,481.9967121,470.3125305,470.9433835
17-11-2021,469.1251021,473.2098083,473.8402157
18-11-2021,474.1122908,478.5769653,479.2065472
22-11-2021,480.6668161,462.0480957,462.6802197
23-11-2021,460.9556661,468.3651428,468.9962953
24-11-2021,470.9774644,468.460144,469.0912819
25-11-2021,465.4678736,465.9903259,466.6218436
26-11-2021,461.9055887,446.9441223,447.5785693
29-11-2021,446.4691563,441.8144836,442.4497196
30-11-2021,444.569302,437.4922791,438.1281797
01-12-2021,441.1970495,451.5038147,452.1375604
02-12-2021,450.743847,453.1186829,453.7521802
03-12-2021,451.9312915,449.4614563,450.0955161
06-12-2021,449.4614773,442.0044861,442.6396928
07-12-2021,445.7092322,452.8337402,453.4672814
08-12-2021,456.8234509,466.9402466,467.5716182
09-12-2021,467.6526795,464.1854248,464.8172201
10-12-2021,464.0429513,469.9325562,470.5634675
13-12-2021,472.8298496,463.3779907,464.0099102
14-12-2021,461.6681329,464.0904541,464.722264
15-12-2021,465.4678689,460.5281982,461.160556
16-12-2021,463.9004831,457.0609436,457.6938346
17-12-2021,456.0160308,444.3793335,445.014175
20-12-2021,436.0198862,426.7105408,427.3480997
21-12-2021,434.1675095,423.6707458,424.3087723
22-12-2021,427.4704962,433.0276184,433.6642058
23-12-2021,437.9197821,438.679718,439.3154361
24-12-2021,439.4396639,434.0725403,434.7089669
27-12-2021,430.9852403,435.1174316,435.7536976
28-12-2021,438.1097717,438.1097717,438.7455774
29-12-2021,437.9197807,431.6502075,432.2870067
30-12-2021,430.0828077,429.0853882,429.7225818
31-12-2021,431.5077034,437.3973083,438.0332236
03-01-2022,438.8696845,447.2290955,447.8634986
04-01-2022,448.8439957,459.2932739,459.9258216
05-01-2022,457.7733996,467.7477112,468.3789586
06-01-2022,463.283026,467.0827637,467.7141134
07-01-2022,468.7451407,466.6552734,467.2866889
10-01-2022,468.6501357,478.4344482,479.064052
11-01-2022,477.8170056,480.6193237,481.2485915
12-01-2022,484.3715577,484.7040405,485.3326801
13-01-2022,484.4665452,485.7489624,486.3774412
14-01-2022,483.5166215,482.8991699,483.5280871
17-01-2022,482.5666898,488.2662964,488.8943881
18-01-2022,488.2662664,481.4267273,482.0558709
19-01-2022,479.7168856,489.9761658,490.6039945
20-01-2022,490.1661518,485.7964478,486.4249193
21-01-2022,480.0018498,477.5320435,478.1617861
24-01-2022,477.2470543,469.4100952,470.041087
25-01-2022,465.4678526,488.8837585,489.5117553
27-01-2022,478.3395055,502.467865,503.0937725
28-01-2022,507.2649602,497.2431641,497.8698751
31-01-2022,502.5153222,511.3497009,511.9742424
01-02-2022,516.7168136,505.6500549,506.275473
02-02-2022,509.7823385,512.7745972,513.3989195
03-02-2022,510.2573101,513.0595703,513.6838488
04-02-2022,515.0069713,503.7502136,504.3759239
07-02-2022,505.2701325,506.5525208,507.1778
08-02-2022,508.6898398,504.7475891,505.373146
09-02-2022,508.1674544,508.4524231,509.0774102
10-02-2022,510.2097144,513.4869995,514.1112123
11-02-2022,509.4023226,503.0852356,503.7110481
14-02-2022,489.2162332,476.2971191,476.9270517
15-02-2022,476.8670513,498.5255432,499.152057
16-02-2022,500.1404612,490.8311157,491.4588129
17-02-2022,493.9659167,487.2688904,487.8971355
18-02-2022,484.5615486,489.5011902,490.1290919
21-02-2022,485.9389708,486.2239685,486.8523743
22-02-2022,475.8221628,473.4473267,474.0776975
23-02-2022,477.8170062,473.7322998,474.3626268
24-02-2022,455.9685352,448.9865112,449.6206441
25-02-2022,455.9685253,458.7708435,459.4034716
28-02-2022,453.0236968,459.0083008,459.6408923
02-03-2022,454.0686628,450.5064087,451.1403078
03-03-2022,455.9685391,443.9993591,444.634259
04-03-2022,437.2547896,438.8222046,439.4579007
07-03-2022,425.0956738,418.256134,418.8949932
08-03-2022,416.0712964,418.256134,418.8949932
09-03-2022,419.8710127,429.0853882,429.7225818
10-03-2022,446.3741874,445.2342834,445.8689934
11-03-2022,443.0494137,446.8016663,447.4361352
14-03-2022,447.4191207,460.8606873,461.4929939
15-03-2022,464.5179223,461.5256348,462.1578391
16-03-2022,468.3176838,468.0802002,468.7113965
17-03-2022,474.0172906,476.7720947,477.4019542
21-03-2022,476.8670574,466.0378113,466.6693217
22-03-2022,466.0378027,468.982605,469.6136625
23-03-2022,473.5422873,466.0852966,466.7167997
24-03-2022,460.7181752,462.7130432,463.345065
25-03-2022,467.130232,466.1328125,466.7643083
28-03-2022,466.3703178,472.5923767,473.222879
29-03-2022,474.9672321,470.2175598,470.8484274
30-03-2022,474.3022232,469.5525513,470.1835211
31-03-2022,469.5525692,468.8401184,469.4711978
01-04-2022,466.4177703,482.7566528,483.3855919
04-04-2022,483.8015979,486.7464294,487.3747549
05-04-2022,488.6462769,483.8965759,484.5253397
06-04-2022,481.6167552,488.218811,488.84691
07-04-2022,484.5140602,489.1687622,489.7967151
08-04-2022,493.4909392,490.2611389,490.8889238
11-04-2022,487.7913454,489.1212769,489.749237
12-04-2022,487.0788884,487.1738586,487.8021183
13-04-2022,488.5512666,491.7810669,492.408618
18-04-2022,486.3664438,483.9916077,484.6203568
19-04-2022,487.5538386,486.1764221,486.8048352
20-04-2022,486.3664398,483.8016052,484.4303836
21-04-2022,487.6963663,490.4511414,491.078897
22-04-2022,487.221381,475.5371704,476.1672198
25-04-2022,470.2175556,469.980072,470.6109761
26-04-2022,474.0172901,480.191864,480.8211975
27-04-2022,474.9672086,472.3548889,472.9854278
28-04-2022,474.1597773,482.0917358,482.7207772
29-04-2022,482.6616662,471.4524231,472.0831007
02-05-2022,467.9852022,466.4178162,467.0492681
04-05-2022,467.3677122,455.6360168,456.269127
05-05-2022,460.7181778,455.9685059,456.6015649
06-05-2022,447.4191318,459.7207947,460.3532766
09-05-2022,453.2137244,452.0737915,452.7074496
10-05-2022,453.1187143,451.408844,452.0426043
11-05-2022,451.45632,452.6912231,453.3247862
12-05-2022,449.3189791,439.4871521,440.122746
13-05-2022,445.9466951,422.3883057,423.0265293
16-05-2022,422.7208098,432.2201538,432.8568653
17-05-2022,435.3549478,443.9043579,444.5392724
18-05-2022,444.4742909,435.0699463,435.7062195
19-05-2022,426.5680288,425.0956421,425.7334494
20-05-2022,432.0777011,439.2496948,439.8853252
23-05-2022,439.9146354,437.8247681,438.4606176
24-05-2022,439.2496581,438.9171753,439.5528568
25-05-2022,444.7540007,438.097168,438.7329756
26-05-2022,440.7502433,452.3755798,453.0091915
27-05-2022,454.7874704,452.4238281,453.0574323
30-05-2022,456.3311047,457.8747253,458.5074912
31-05-2022,457.2958637,451.6037903,452.2375206
01-06-2022,451.5073064,451.7967224,452.4304231
02-06-2022,450.4460629,453.2921143,453.9255849
03-06-2022,456.5722887,448.1306458,448.7649103
06-06-2022,447.8412358,447.3588562,447.9932394
07-06-2022,445.5740624,447.0694275,447.7038552
08-06-2022,450.1566286,454.690979,455.3242345
09-06-2022,452.4238421,450.4943237,451.1282247
10-06-2022,445.7187436,445.5740356,446.2086934
13-06-2022,438.0006908,430.1379089,430.7749407
14-06-2022,429.3178647,432.3086243,432.9453222
15-06-2022,433.1286755,435.4440918,436.0803075
16-06-2022,439.1101652,426.0376892,426.6753516
17-06-2022,424.4940725,425.4588318,426.0965832
20-06-2022,425.9412105,419.3808594,420.0195456
21-06-2022,424.011663,434.8652039,435.5015086
22-06-2022,432.9356917,431.8744507,432.5112154
23-06-2022,433.176863,435.4922791,436.1284873
24-06-2022,439.7372167,438.2418518,438.8776372
27-06-2022,443.7410114,444.9469604,445.5817146
28-06-2022,442.7279976,447.8894653,448.5237669
29-06-2022,443.7892369,442.9209595,443.5560252
30-06-2022,442.8244603,449.4812927,450.1153495
01-07-2022,447.0212003,450.3978577,451.0317735
04-07-2022,450.3978421,456.7652588,457.3981953
05-07-2022,458.4053249,455.5110474,456.1441768
06-07-2022,458.405332,463.0361938,463.6681659
07-07-2022,466.9434697,469.5965576,470.2275207
08-07-2022,471.7672528,471.3330994,471.9637954
11-07-2022,467.9082117,470.9954529,471.6262008
12-07-2022,467.9082115,467.8599854,468.4912155
13-07-2022,470.5612957,469.3553467,469.9863468
14-07-2022,469.4518407,462.4573364,463.0893975
15-07-2022,465.544527,462.2161255,462.8482237
18-07-2022,467.4740579,473.0214233,473.6518597
19-07-2022,470.8024897,480.4018555,481.0311567
20-07-2022,483.3443682,490.6765442,491.3042652
21-07-2022,491.8342356,494.0049438,494.6321529
22-07-2022,495.355612,495.5968018,496.223766
25-07-2022,495.3074019,499.5523071,500.178663
26-07-2022,499.4558503,496.0791931,496.7060832
27-07-2022,497.1403983,509.5858154,510.2106282
28-07-2022,514.4096657,513.6860962,514.3102783
29-07-2022,516.1943977,509.7304993,510.3552898
01-08-2022,510.4058664,514.9402466,515.5642358
02-08-2022,513.1554743,522.9959717,523.618722
03-08-2022,522.8030223,521.789978,522.4129138
04-08-2022,524.4914058,514.4578857,515.0819492
05-08-2022,516.6768048,512.3353882,512.959778
08-08-2022,505.5338089,502.0606995,502.6866696
10-08-2022,503.1701307,496.561554,497.1883698
11-08-2022,501.6748093,506.2574158,506.8827404
12-08-2022,507.1739153,511.9977112,512.622153
16-08-2022,514.5060874,507.4151306,508.0402772
17-08-2022,510.2129126,509.5376282,510.1624483
18-08-2022,508.283363,513.5895386,514.2137356
19-08-2022,513.2518888,502.0124207,502.6383982
22-08-2022,500.7100298,493.2813721,493.9086924
23-08-2022,490.3388566,503.507843,504.1335906
24-08-2022,500.7100347,500.9994507,501.625584
25-08-2022,503.5560644,502.0606995,502.6866696
26-08-2022,505.3408508,505.3408508,505.9663164
29-08-2022,493.2813848,496.7062683,497.3330619
30-08-2022,499.9382246,512.5283203,513.1526805
01-09-2022,503.8454657,514.5060425,515.1300985
02-09-2022,518.0756709,517.7862549,518.4098064
05-09-2022,518.0756864,519.9087524,520.5319775
06-09-2022,519.0404368,518.8474731,519.4708615
07-09-2022,515.5673844,514.0719604,514.6960832
08-09-2022,517.1109252,525.4561157,526.0784876
09-09-2022,530.2799253,533.8494873,534.4705683
12-09-2022,535.3449097,535.3449097,535.9657607
13-09-2022,540.2651507,538.3356323,538.9560234
14-09-2022,530.6175616,551.6010742,552.219425
15-09-2022,552.3728679,551.9869995,552.605291
16-09-2022,549.0444394,542.001709,542.6215362
19-09-2022,540.9405382,552.0834961,552.7017727
20-09-2022,557.5825918,553.8200073,554.4380169
21-09-2022,554.7365643,549.6233521,550.2420071
22-09-2022,546.7773165,547.3079224,547.9269335
23-09-2022,544.896004,531.1964111,531.8179002
26-09-2022,526.5655846,524.1536865,524.7762587
27-09-2022,525.3596227,517.5933228,518.216904
28-09-2022,514.1201791,506.3538208,506.9791306
29-09-2022,510.3576331,503.3631287,503.9888985
30-09-2022,505.5337972,511.9011841,512.5256407
03-10-2022,509.0069299,501.4335938,502.0596603
04-10-2022,514.2166621,513.9272461,514.5513911
06-10-2022,515.7602507,518.3651123,518.9885748
07-10-2022,516.6285316,511.5153198,512.1398358
10-10-2022,507.1739372,512.0459595,512.6703939
11-10-2022,512.0459456,508.8140259,509.4389573
12-10-2022,511.3223911,514.9884644,515.6124462
13-10-2022,514.216657,503.0737,503.6995143
14-10-2022,511.5153101,508.6210327,509.2459938
17-10-2022,507.8492968,524.491394,525.1139143
18-10-2022,527.8196962,542.6287842,543.2485149
19-10-2022,543.1594309,533.8977661,534.5188397
20-10-2022,532.5470658,535.8272705,536.4480473
21-10-2022,537.6120953,541.0852051,541.7051732
24-10-2022,547.0184843,550.3951416,551.0136779
25-10-2022,552.3246565,558.161438,558.7787798
27-10-2022,563.3711088,559.2226563,559.8398349
28-10-2022,559.5120876,550.6362915,551.2547907
31-10-2022,554.6883541,553.5788574,554.1969041
01-11-2022,556.0389154,556.5695801,557.1871668
02-11-2022,555.6048788,553.6270752,554.2451144
03-11-2022,548.9480238,564.2877197,564.9041194
04-11-2022,565.3488904,573.0187378,573.6337946
07-11-2022,591.3974003,592.506897,593.1189565
09-11-2022,599.1154321,593.8574829,594.4693347
10-11-2022,591.4938497,584.4028931,585.016199
11-11-2022,595.4976008,580.1096802,580.7236464
14-11-2022,582.66637,571.6680908,572.2833554
15-11-2022,573.3563762,579.6755371,580.2895701
16-11-2022,578.8072825,578.6143188,579.2285151
17-11-2022,577.9872521,577.9390259,578.5533259
18-11-2022,579.8202857,581.4603882,582.0741467
21-11-2022,580.8814978,577.0224609,577.636902
22-11-2022,577.0707695,577.9872437,578.6015363
23-11-2022,580.3508954,586.2359619,586.8489859
24-11-2022,588.2619649,587.8760376,588.4888094
25-11-2022,589.0337071,585.994751,586.6078121
28-11-2022,584.2581273,587.1524048,587.7652878
29-11-2022,585.7053353,587.104248,587.7171385
30-11-2022,587.0560201,581.2192383,581.8330339
01-12-2022,586.4288541,586.6700439,587.2830012
02-12-2022,586.0912391,586.1394653,586.7525042
05-12-2022,587.0559683,595.5458374,596.1574296
06-12-2022,593.0857654,587.4901733,588.1030044
07-12-2022,589.3231165,585.6570435,586.2701565
08-12-2022,588.2619047,590.0949707,590.7074012
09-12-2022,592.7480771,594.7740479,595.3857587
12-12-2022,593.1339463,591.4456177,592.0578404
13-12-2022,591.8797913,595.0152588,595.6269325
14-12-2022,596.7035944,603.4569092,604.0672846
15-12-2022,603.5051344,594.2434692,594.8552617
16-12-2022,590.4326544,582.0874634,582.7011254
19-12-2022,582.7145282,583.1486816,583.7621805
20-12-2022,581.7497691,583.1486816,583.7621805
21-12-2022,584.5475874,572.4880981,573.1032366
22-12-2022,575.9612075,572.4880981,573.1032366
23-12-2022,569.207937,553.7717896,554.3898065
26-12-2022,553.7718236,576.0577393,576.6723287
27-12-2022,579.2414598,580.6885986,581.3024758
28-12-2022,579.7238517,579.8685303,580.4825336
29-12-2022,578.8555379,590.2396851,590.8520933
30-12-2022,593.5681189,592.0727539,592.6848802
02-01-2023,593.2786982,590.6256104,591.2379592
03-01-2023,592.8445132,590.8185425,591.4308617
04-01-2023,590.2879282,583.8723145,584.485702
05-01-2023,585.6088228,583.7757568,584.3891592
06-01-2023,585.9947909,579.482666,580.0967287
09-01-2023,583.6793181,586.2841797,586.8971963
10-01-2023,587.0078004,574.1765137,574.7913924
11-01-2023,575.4306852,575.671875,576.2865238
12-01-2023,576.8295805,573.9353027,574.5502186
13-01-2023,576.829603,578.9520264,579.5661706
16-01-2023,581.7498169,581.7498169,582.3635309
17-01-2023,581.7498349,572.0540161,572.6692213
18-01-2023,574.9000015,570.6068115,571.2222393
19-01-2023,570.172668,569.0631714,569.6788366
20-01-2023,572.8740356,571.3304443,571.9457608
23-01-2023,577.4083806,579.2896729,579.9037652
24-01-2023,582.2321722,573.4046021,574.0195995
25-01-2023,574.8517463,548.6585693,549.2773727
27-01-2023,547.9832373,520.9217529,521.5448222
30-01-2023,517.1109165,519.2333984,519.8567274
31-01-2023,525.7937487,533.9942017,534.6152604
01-02-2023,541.6158129,508.7657166,509.3906554
02-02-2023,501.8677263,509.4892883,510.1141159
03-02-2023,517.1109354,525.0219727,525.6444113
06-02-2023,539.1074254,526.1796875,526.8019481
07-02-2023,528.6880089,527.8197021,528.4417105
08-02-2023,530.6175936,530.3764038,530.998019
09-02-2023,532.5471272,531.3894043,532.0108637
10-02-2023,527.2408977,533.5600586,534.1811841
13-02-2023,534.4766334,518.5581055,519.1815383
14-02-2023,520.9217301,521.789978,522.4129138
15-02-2023,520.9699778,523.140686,523.7634141
16-02-2023,527.5785307,521.0664063,521.6894533
17-02-2023,519.5228649,512.2871704,512.9115677
20-02-2023,513.2519183,506.6433411,507.2686064
21-02-2023,508.5245708,505.0032349,505.6287524
22-02-2023,502.3983761,498.1534119,498.7799829
23-02-2023,498.7322635,502.6395264,503.2654074
24-02-2023,505.7267897,502.6877747,503.3136483
27-02-2023,502.7359782,509.1034241,509.728311
28-02-2023,508.6693196,504.3761292,505.0017431
01-03-2023,504.8102324,517.7862549,518.4098064
02-03-2023,517.0627287,514.9402466,515.5642358
03-03-2023,522.8995229,541.4229126,542.0428288
06-03-2023,544.9925148,541.9052734,542.5251155
08-03-2023,540.2651636,544.8959961,545.5153782
09-03-2023,544.847736,539.2039185,539.824176
10-03-2023,533.6082784,528.0609131,528.6828844
13-03-2023,527.7232945,511.3223877,511.9469334
14-03-2023,509.0551991,506.884491,507.5097192
15-03-2023,511.129396,499.3110962,499.9374892
16-03-2023,500.1312274,506.0162354,506.6415971
17-03-2023,510.0199568,511.1293945,511.7539699
20-03-2023,508.0421983,500.9030151,501.5291633
21-03-2023,503.6043016,503.4595642,504.0853192
22-03-2023,503.7972831,503.170166,503.7959655
23-03-2023,501.0959703,494.6802979,495.3074031
24-03-2023,496.3686176,487.5410767,488.1692799
27-03-2023,489.1329199,492.1719055,492.7993965
28-03-2023,493.426102,490.1941528,490.821948
29-03-2023,491.0624322,498.2981262,498.924675
31-03-2023,502.3019031,505.2926331,505.9181061
03-04-2023,506.2574017,508.1869202,508.8119481
05-04-2023,508.4280981,504.5690613,505.1946456
06-04-2023,505.533842,509.0552368,509.6801312
10-04-2023,510.598798,507.7527466,508.3778413
11-04-2023,512.1423787,513.3483276,513.9725617
12-04-2023,514.4096114,509.5858154,510.2106282
13-04-2023,510.6470622,514.168457,514.792565
17-04-2023,509.392833,524.8289795,525.4514479
18-04-2023,526.1314509,526.6138306,527.2360244
19-04-2023,524.8290203,521.2593994,521.8824168
20-04-2023,522.1277203,525.6008301,526.2231797
21-04-2023,525.7937531,524.0089722,524.6315666
24-04-2023,524.6360325,535.0554199,535.6763155
25-04-2023,535.4413582,542.001709,542.6215362
26-04-2023,542.1946784,546.3913574,547.0105095
27-04-2023,545.0889681,544.8477783,545.4671678
28-04-2023,547.7902556,557.9202271,558.537606
02-05-2023,559.5603198,555.0259399,555.643764
03-05-2023,550.539879,550.3951416,551.0136779
04-05-2023,550.1056749,559.5603027,560.1774294
05-05-2023,559.7532754,556.1836548,556.8013008
08-05-2023,557.2931771,563.0334473,563.6500398
09-05-2023,564.3840978,553.2893677,553.9074588
10-05-2023,554.7365312,552.0352173,552.6535013
11-05-2023,552.0352619,553.2412109,553.8593095
12-05-2023,554.4471426,557.7755737,558.3929749
15-05-2023,558.3544174,561.3934326,562.0102774
16-05-2023,563.4193713,565.6383057,566.2544976
17-05-2023,565.3488897,565.6383057,566.2544976
18-05-2023,569.4973834,553.9647827,554.58277
19-05-2023,558.595586,554.8812866,555.499133
22-05-2023,557.1484332,556.810791,557.4283406
23-05-2023,558.4990793,561.1038818,561.7207711
24-05-2023,559.3673968,562.1652222,562.7819482
25-05-2023,561.4898658,560.7662964,561.3832376
26-05-2023,560.7662709,565.348877,565.9651134
29-05-2023,569.2078816,574.0316772,574.6465783
30-05-2023,574.031784,571.9093018,572.5245292
31-05-2023,574.1713022,570.286438,570.901915
01-06-2023,572.2043283,573.1386719,573.7537102
02-06-2023,575.0564916,577.5152588,578.129624
05-06-2023,578.7938057,577.5152588,578.129624
06-06-2023,578.302057,575.6957397,576.3103848
07-06-2023,578.3020795,579.4822998,580.0963625
08-06-2023,580.2199203,578.7938232,579.4079918
09-06-2023,578.3020587,569.1554565,569.7711075
12-06-2023,570.4340336,569.1063232,569.7219818
13-06-2023,569.8931168,566.8934326,567.5094315
14-06-2023,567.4834837,567.0408936,567.6568697
15-06-2023,566.4999931,557.1566772,557.7741736
16-06-2023,559.3695409,561.8283081,562.445086
19-06-2023,561.8283362,559.4678955,560.0850364
20-06-2023,559.4679072,558.0418701,558.6592304
21-06-2023,558.0418245,557.0090942,557.6266133
22-06-2023,557.0091096,553.6652222,554.2832555
23-06-2023,552.7309175,545.4529419,546.0722383
26-06-2023,546.8298176,547.8624878,548.4814136
27-06-2023,549.0427393,556.7632446,557.3808015
28-06-2023,562.8118256,560.4022217,561.0192189
30-06-2023,564.5329735,563.4019165,564.0184524
03-07-2023,565.0247158,575.7941284,576.4087584
04-07-2023,578.4987629,579.5314331,580.1454883
05-07-2023,580.0723983,580.8591919,581.4730428
06-07-2023,580.6625037,582.7278442,583.3414078
07-07-2023,580.2690914,583.8096924,584.4230895
10-07-2023,584.8424091,582.8261719,583.4397203
11-07-2023,585.1865879,578.8429565,579.4571176
12-07-2023,579.2855564,579.5314331,580.1454883
13-07-2023,585.0882836,575.9908447,576.6054444
14-07-2023,577.0726919,574.7614746,575.3762634
17-07-2023,577.3185508,591.1859741,591.7982368
18-07-2023,593.1038587,582.5803223,583.1939085
19-07-2023,584.8424381,591.5302734,592.1424832
20-07-2023,591.4811042,599.9884033,600.5993122
21-07-2023,599.9392169,604.9550781,605.5652231
24-07-2023,604.9059197,607.4630737,608.072833
25-07-2023,611.5445724,599.5457764,600.1567533
26-07-2023,601.9062625,605.0043335,605.6144709
27-07-2023,606.2336745,606.3811646,606.9910902
28-07-2023,606.2336677,605.8894043,606.4994056
31-07-2023,606.4795707,609.9710083,610.5803819
01-08-2023,609.9709855,601.758667,602.3693036
02-08-2023,599.7916545,588.5797119,589.1923755
03-08-2023,588.8256334,580.7608643,581.3747303
04-08-2023,584.9898803,563.8444824,564.4609502
07-08-2023,567.4835198,558.5336304,559.150915
08-08-2023,561.5824257,563.6477661,564.2642642
09-08-2023,565.5164931,564.2871094,564.9035091
10-08-2023,564.2871084,564.1887817,564.8051966
11-08-2023,565.959089,564.680542,565.2968812
14-08-2023,563.5002921,551.5506592,552.1690178
16-08-2023,549.5836762,556.0256348,556.6433051
17-08-2023,556.4190328,562.713501,563.3301427
18-08-2023,560.5989477,563.5003052,564.1168259
21-08-2023,563.5003187,562.2709351,562.8876449
22-08-2023,563.0576847,559.1236572,559.7408511
23-08-2023,561.5824778,567.3851929,568.0011161
24-08-2023,568.6145465,567.4343262,568.0502419
25-08-2023,564.3362825,560.5498047,561.1667792
28-08-2023,563.3527532,563.4019165,564.0184524
29-08-2023,564.1887972,565.3689575,565.9851909
30-08-2023,567.1884728,558.0418701,558.6592304
31-08-2023,559.9105062,552.0916138,552.7098892
01-09-2023,553.4193735,560.1563721,560.7734071
04-09-2023,562.5659356,566.057373,566.6735005
05-09-2023,566.1065323,563.5494385,564.1659517
06-09-2023,564.7788492,561.0906982,561.7075896
07-09-2023,558.6319549,569.4996948,570.1152929
08-09-2023,571.4175444,573.8271484,574.4420809
11-09-2023,577.3185456,581.94104,582.5547246
12-09-2023,583.8589362,578.6463013,579.2604926
13-09-2023,578.695513,586.6127319,587.225698
14-09-2023,588.5797264,587.4486694,588.0615069
15-09-2023,589.464867,588.9239502,589.5365608
18-09-2023,588.923929,593.9890137,594.6008453
20-09-2023,590.9400974,591.1859741,591.7982368
21-09-2023,590.1041795,578.449646,579.0638675
22-09-2023,583.7113369,588.284668,588.8973769
25-09-2023,591.5793967,584.2522583,584.8655874
26-09-2023,584.2031308,584.5965576,585.2098338
27-09-2023,583.6621809,580.0231934,580.6371729
28-09-2023,581.4984566,580.2199097,580.8338589
29-09-2023,583.0720382,588.6780396,589.290688
03-10-2023,586.7601884,593.0054932,593.617476
04-10-2023,590.1041528,576.5809326,577.1954416
05-10-2023,580.269103,582.383667,582.9972835
06-10-2023,583.6130178,584.4489746,585.0622735
09-10-2023,578.3020843,575.4498901,576.064573
10-10-2023,577.3185754,581.8919067,582.5055989
11-10-2023,587.0553339,578.6463013,579.2604926
12-10-2023,581.0558742,576.3842163,576.9987555
13-10-2023,568.221109,566.647522,567.2635587
16-10-2023,566.4999651,566.1557617,566.771874
17-10-2023,568.1719495,566.9425659,567.5585572
18-10-2023,568.2211225,563.2052612,563.8218273
19-10-2023,560.4022411,561.7791748,562.3959602
20-10-2023,560.5006395,553.8127441,554.4307548
23-10-2023,553.8126979,543.8301392,544.4496852
25-10-2023,549.3869308,547.0265503,547.6456047
26-10-2023,542.3548892,537.9782715,538.5987175
27-10-2023,540.9288318,551.8949585,552.5132641
30-10-2023,553.7143856,555.8781128,556.4958058
31-10-2023,557.6484482,556.2223511,556.8399912
01-11-2023,556.9107996,557.0583496,557.6758611
02-11-2023,561.6807997,562.6643066,563.280956
03-11-2023,566.499999,568.614563,569.2302972
06-11-2023,572.4010495,564.8771973,565.4935062
07-11-2023,565.3197393,570.1881104,570.8036025
08-11-2023,572.3027121,570.7290649,571.3444739
09-11-2023,571.4175357,568.8112183,569.4269222
10-11-2023,568.270287,569.9422607,570.5577907
13-11-2023,571.4175153,571.7617188,572.3769689
15-11-2023,577.5644492,575.0565186,575.671262
16-11-2023,575.0564876,575.0073242,575.6220752
17-11-2023,565.0247159,553.7635498,554.381568
20-11-2023,554.6979031,554.4520264,555.0699387
21-11-2023,556.6649169,552.2391357,552.8573884
22-11-2023,553.6652288,549.7312012,550.3498396
23-11-2023,552.4850222,550.7147217,551.3332088
24-11-2023,552.6817404,551.1080933,551.7265199
28-11-2023,554.304486,555.1405029,555.7583094
29-11-2023,558.6319047,559.2219849,559.8391636
30-11-2023,560.3530816,555.4355469,556.053308
01-12-2023,557.6484106,562.3200684,562.9367706
04-12-2023,578.3020929,584.8916016,585.5048323
05-12-2023,585.2357754,598.2180786,598.8292598
06-12-2023,603.8732463,598.4147949,599.0259458
07-12-2023,599.9392323,601.6112061,602.2218654
08-12-2023,599.9392352,604.020813,604.6311017
11-12-2023,604.8567708,604.1191406,604.7294142
12-12-2023,606.8237906,602.2996826,602.910236
13-12-2023,604.3158079,609.626709,610.2361355
14-12-2023,615.6753531,613.3641357,613.9729875
15-12-2023,617.6423348,637.5583496,638.1634803
18-12-2023,635.9847964,637.8042603,638.4093531
19-12-2023,637.8042324,644.5904541,645.1945032
20-12-2023,647.8360323,625.9530029,626.5599185
21-12-2023,621.7239123,633.1325684,633.7383797
22-12-2023,634.1161024,626.2480469,626.854917
26-12-2023,628.3133438,627.5265503,628.1332238
27-12-2023,630.1820517,637.8533936,638.4584788
28-12-2023,639.5253761,640.6564331,641.2610873
29-12-2023,634.8537433,631.4606323,632.0667008
01-01-2024,631.6081727,630.7721558,631.3783301
02-01-2024,630.7721305,628.9035034,629.5099652
03-01-2024,628.8051101,632.8375244,633.4433811
04-01-2024,631.9031711,632.1490479,632.7550105
05-01-2024,634.3619889,631.3623047,631.9683883
08-01-2024,629.4444029,616.6588135,617.2671585
09-01-2024,621.5763879,615.0852661,615.6938531
10-01-2024,614.4951064,611.4954224,612.1045615
11-01-2024,615.6753365,609.9710083,610.5803819
12-01-2024,613.5116075,623.1499634,623.75731
15-01-2024,628.3625644,629.5427246,630.1490881
16-01-2024,629.4444162,626.3955688,627.0024163
17-01-2024,613.7083401,615.675354,616.2838503
18-01-2024,615.4786107,617.9373779,618.5455263
19-01-2024,622.5598958,617.3964844,618.0047159
23-01-2024,616.65882,595.1199951,595.7316528
24-01-2024,599.8900364,608.1022949,608.7119559
25-01-2024,608.2990246,602.6438599,603.2543603
29-01-2024,608.7907948,612.6756592,613.2846168
30-01-2024,615.1344169,616.4129639,617.0213467
31-01-2024,616.0687342,629.9361572,630.5424602
01-02-2024,632.1490539,636.9682617,637.5734831
02-02-2024,641.24652,638.9353027,639.5402216
05-02-2024,636.4272817,632.3457642,632.9516965
06-02-2024,633.8210624,639.5253906,640.1302188
07-02-2024,644.2461856,664.1130371,664.7140837
08-02-2024,669.1781462,688.0122681,688.6096389
09-02-2024,692.0446657,713.2883911,713.8818745
12-02-2024,714.025999,696.2245483,696.8206562
13-02-2024,696.8638364,701.6830444,702.2783128
14-02-2024,693.9132667,731.1390381,731.7297761
15-02-2024,735.3681106,749.137207,749.7251769
16-02-2024,750.8583711,742.2526855,742.8417143
19-02-2024,746.1866833,746.7276001,747.3159406
20-02-2024,746.5309284,747.5635986,748.1518106
21-02-2024,748.1045479,758.7755737,759.3620613
22-02-2024,760.2508192,753.2679443,753.8552789
23-02-2024,753.2679419,746.5308838,747.1192545
26-02-2024,742.5477219,746.3834229,746.9718163
27-02-2024,746.383452,737.482666,738.0724284
28-02-2024,737.4826583,730.2539063,730.8447804
29-02-2024,731.6307937,735.7614746,736.3515017
01-03-2024,739.5971881,756.4643555,757.0511985
04-03-2024,761.6278057,759.3165283,759.9029327
05-03-2024,756.8085766,771.0202637,771.604868
06-03-2024,770.7251926,770.9710693,771.5556812
07-03-2024,776.9704628,775.0526123,775.6365964
11-03-2024,776.9704822,760.9393311,761.5254858
12-03-2024,757.3003364,747.1702271,747.7584995
13-03-2024,746.1375399,734.9255371,735.5156928
14-03-2024,737.5318924,728.8278198,729.4189133
15-03-2024,727.0574872,719.8287354,720.4212129
18-03-2024,715.1078714,718.8944092,719.4870304
19-03-2024,717.9600597,711.8623047,712.4560074
20-03-2024,713.1900915,724.1069946,724.6988142
21-03-2024,729.7621161,732.0241699,732.6147718
22-03-2024,731.5816128,734.3846436,734.9748824
26-03-2024,730.7948201,727.8442993,728.4355441
27-03-2024,730.7456568,721.2056274,721.7978932
28-03-2024,725.5822292,739.9414063,740.5307905
01-04-2024,746.5309041,745.7932739,746.3817581
02-04-2024,745.6949361,753.7597046,754.3469636
03-04-2024,752.2844762,758.3330078,758.9195634
04-04-2024,762.2178651,746.7767944,747.3651274
05-04-2024,745.4490669,752.1369019,752.7244104
08-04-2024,753.4154664,755.6283569,756.2153285
09-04-2024,755.7759128,751.5960083,752.1836
10-04-2024,753.85805,766.2010498,766.7863953
12-04-2024,764.4307283,753.6613159,754.24859
15-04-2024,747.2685236,745.0064697,745.5950749
16-04-2024,738.8595949,739.3021851,739.8916676
18-04-2024,739.6463552,732.5159302,733.1064564
19-04-2024,722.3858071,738.0727539,738.6624255
22-04-2024,741.7117404,753.4645996,754.051904
23-04-2024,757.6445371,760.2508545,760.8371151
24-04-2024,765.6601436,760.3491821,760.9354276
25-04-2024,757.9396278,799.2960815,799.876337
26-04-2024,802.4433439,788.0841064,788.6660863
29-04-2024,793.6900843,812.8684692,813.4466373
30-04-2024,812.8684964,812.6226196,813.2008255
02-05-2024,813.2619135,816.3599243,816.9375554
03-05-2024,821.0315405,817.7368164,818.3142357
06-05-2024,821.2282676,794.4768677,795.0578644
07-05-2024,798.6075899,788.6741943,789.2560835
08-05-2024,789.3625997,797.4273682,798.0079111
09-05-2024,798.5092623,806.2789307,806.8581122
10-05-2024,813.3602509,803.8693848,804.4489369
13-05-2024,806.3281277,795.4603882,796.0412336
14-05-2024,799.5911353,804.7053833,805.2848069
15-05-2024,807.4591577,806.7706909,807.3497968
16-05-2024,811.6882653,798.5584717,799.1388406
17-05-2024,801.0663599,804.361084,804.9405605
21-05-2024,807.4592071,816.9500732,817.5276136
22-05-2024,826.5499878,818.75,819.3272635
23-05-2024,824.7000122,832.0999756,832.6751859
24-05-2024,830,828.5999756,829.1757242
27-05-2024,832.5999756,833.7000122,834.2749764
28-05-2024,835.7000122,831.1500244,831.7253808
29-05-2024,828.4000244,822.6500244,823.2266881
30-05-2024,821.4000244,825.8499756,826.4261471
31-05-2024,830.7000122,830.3499756,830.925455
03-06-2024,863.5499878,905.6500244,906.2139228
04-06-2024,897,775.2000122,775.7839737
05-06-2024,790.75,789.75,790.3317237
06-06-2024,800,816.9500122,817.5275525
07-06-2024,819.9000244,829.9500122,830.5255532
10-06-2024,834.1500244,831.7999878,832.3752442
11-06-2024,836,835.5499878,836.1246675
12-06-2024,837,839.0999756,839.6741093
13-06-2024,845,843.9000244,844.4734199
14-06-2024,845,839.2000122,839.7741305
18-06-2024,841.5499878,844.9000244,845.4732661
19-06-2024,846.7999878,852.5999756,853.172033
20-06-2024,853,843.75,844.3234185
21-06-2024,844.9000244,836.2999878,836.8745521
24-06-2024,831.5,832.7000122,833.2751302
25-06-2024,837,842.25,842.8236492
26-06-2024,839.8499756,845.3499756,845.923148
27-06-2024,843.9000244,844,844.5733801
28-06-2024,846.9000244,848.9500122,849.522631
01-07-2024,849.3499756,841.9500122,842.5237076
02-07-2024,844,826.1500244,826.7261498
03-07-2024,829,839.9500122,840.5240152
04-07-2024,843,839.2999878,839.8740907
05-07-2024,838,859.75,860.3209577
08-07-2024,859.75,856.25,856.821496
09-07-2024,859.9000244,861.2999878,861.8707071
10-07-2024,860.0999756,849,849.5726111
11-07-2024,854.4000244,856.7000122,857.271439
12-07-2024,856.7000122,859.7000122,860.2709776
15-07-2024,859.7000122,881.3499756,881.9176113
16-07-2024,882.2999878,880.7000122,881.2677478
18-07-2024,880.6500244,893.5499878,894.1157471
19-07-2024,895,889.3499756,889.9163809
22-07-2024,881.4500122,876.7999878,877.3683232
23-07-2024,883,863.9000244,864.4703439
24-07-2024,864.2000122,852,852.5721497
25-07-2024,847.5,848.5,849.072688
26-07-2024,844.6500244,862.4500122,863.0205547
29-07-2024,866.0499878,871.5999756,872.1691108
30-07-2024,874.7000122,872.7999878,873.3689384
31-07-2024,873.8499756,872.4000244,872.9690366
01-08-2024,877.7999878,862.6500244,863.2205361
02-08-2024,856.7000122,847.8499756,848.4227635
05-08-2024,830,811.6500244,812.2283799
06-08-2024,822.6500244,797.7000122,798.2805132
07-08-2024,809,808.6500244,809.2288413
08-08-2024,812,808.0499878,808.628897
09-08-2024,816,824.2999878,824.8763977
12-08-2024,820.5999756,812.5999756,813.178185
13-08-2024,813.5,797.5499878,798.1305118
14-08-2024,800.9500122,803,803.5796858
16-08-2024,803,812.0999756,812.6782619
19-08-2024,815,813.7000122,814.2780524
20-08-2024,817.9500122,820.2999878,820.8770129
21-08-2024,820.2999878,815.5499878,816.1277435
22-08-2024,819,820.2999878,820.8770129
23-08-2024,821.5,815.3499756,815.927762
26-08-2024,818,815.0499878,815.6278204
27-08-2024,817.7999878,815.9000244,816.4777262
28-08-2024,814.75,809.4000244,809.9787259
29-08-2024,809.5499878,814.5,815.0779172
30-08-2024,817.1500244,815.5999756,816.1777236
02-09-2024,817.2999878,822.1500244,822.726765
03-09-2024,822.1500244,824.7999878,825.3763208
04-09-2024,815.4500122,816.5,817.0776096
05-09-2024,818.3499756,818.75,819.3272635
06-09-2024,811.5,782.5,783.0828387
09-09-2024,785,784.25,784.8325696
10-09-2024,788,782.6500244,783.2328401
11-09-2024,780.0499878,768.5999756,769.1849521
12-09-2024,775,787.75,788.3320313
13-09-2024,791,790.8499756,791.4315301
16-09-2024,790.8499756,785.5499878,786.1323574
17-09-2024,785.5999756,782.9000244,783.4828016
18-09-2024,783.7999878,792.75,793.3312623
19-09-2024,795.0499878,789.9500122,790.5317051
20-09-2024,794.8499756,781.7000122,782.282974
23-09-2024,786,801.8499756,802.4298383
24-09-2024,799.25,798.25,798.8304164
25-09-2024,797.9000244,793.0999756,793.681184
26-09-2024,796,801.8499756,802.4298383
27-09-2024,801.8499756,802.6500244,803.2297641
30-09-2024,801.9000244,787.9000244,788.4820326
01-10-2024,788,796.9500122,797.5306285
03-10-2024,789.9000244,794.0999756,794.6810302
04-10-2024,792,796.6500244,797.2306869
07-10-2024,800,770.6500244,771.2346857
08-10-2024,772.25,781.4500122,782.0330124
09-10-2024,786.7000122,797.4000244,797.9805715
10-10-2024,799,797.0999756,797.6805688
11-10-2024,797.2000122,799.75,800.3301857
14-10-2024,802,805.1500244,805.7293796
15-10-2024,805.5,804.6500244,805.2294565
16-10-2024,802.7999878,805.4500122,806.0293212
17-10-2024,809.5,811.0499878,811.6284356
18-10-2024,811.0999756,820.4000244,820.9770341
21-10-2024,824.7000122,813.9500122,814.5280139
22-10-2024,814,790.4000244,790.9816481
23-10-2024,790,786,786.5823004
24-10-2024,786.0499878,794.5499878,795.1309732
25-10-2024,798,780.9500122,781.5330893
28-10-2024,783.7999878,792.0499878,792.6313577
29-10-2024,796,832.7000122,833.2751302
30-10-2024,828,822.4500122,823.0267067
31-10-2024,820,820.2000122,820.7770527
01-11-2024,822.4000244,821.2000122,821.7768989
04-11-2024,822.7000122,829.8499756,830.4255319
05-11-2024,829.8499756,849.2000122,849.7725925
06-11-2024,849.2000122,854.7999878,855.3717068
07-11-2024,861,859.5999756,860.1709564
08-11-2024,859.5999756,843.1500244,843.7235352
11-11-2024,846,847.6500244,848.2228431
12-11-2024,852.5,826.7000122,827.276053
13-11-2024,823.3499756,808.6500244,809.2288413
14-11-2024,808.6500244,804.25,804.8294936
18-11-2024,811,814.2999878,814.8779357
19-11-2024,819,803,803.5796858
21-11-2024,798.5,780.75,781.3331079
22-11-2024,786,816.0499878,816.6276666
25-11-2024,827,844.4500122,845.0233231
26-11-2024,844,839.4000244,839.974112
27-11-2024,838.5,834.0999756,834.6748783
28-11-2024,834.0999756,838.8499756,839.4241477
29-11-2024,841.0999756,838.9500122,839.524169
02-12-2024,838.9500122,836.4000244,836.9745734
03-12-2024,838,853.9500122,854.521862
04-12-2024,853.9500122,859.7000122,860.2709776
05-12-2024,860,865.4500122,866.0200933
06-12-2024,865.25,863.6500244,864.2203823
09-12-2024,859,858.0499878,858.621207
10-12-2024,861.7999878,867.5,868.0697658
11-12-2024,867.5,861.5999756,862.1706488
12-12-2024,861.5,853.7000122,854.2719004
13-12-2024,852.5999756,861.5499878,862.1206687
16-12-2024,859.7999878,860.9500122,861.5207854
17-12-2024,858.5499878,850.5499878,851.1223605
18-12-2024,851,838.1500244,838.7243042
19-12-2024,824.5999756,832.7999878,833.3750904
20-12-2024,834.9000244,812,812.5783016
23-12-2024,817.2999878,821.1500244,821.7269188
24-12-2024,824.25,812.0499878,812.6282818
26-12-2024,813,812.4500122,813.0282446
27-12-2024,816.2999878,799.6500244,800.2302255
30-12-2024,802,788.2999878,788.8819345
31-12-2024,786.9500122,794.9500122,795.5309361
01-01-2025,795.5499878,793.2000122,793.7812053
02-01-2025,795,801.2000122,801.7799749
03-01-2025,801.2000122,793.4000244,793.9811867
06-01-2025,797.4000244,776.4000244,776.9838013
07-01-2025,779.8499756,778.75,779.3334155
08-01-2025,780.9000244,771.1500244,771.7346088
09-01-2025,771.1500244,760.4500122,761.0362422
10-01-2025,760.3499756,743.25,743.8388754
13-01-2025,741.5,729.5,730.0909901
14-01-2025,732.9500122,748.1500244,748.7381461
15-01-2025,753.1500244,753.7000122,754.2872804
16-01-2025,760.4000244,766.2999878,766.8853181
17-01-2025,766.2999878,764.0999756,764.6856442
20-01-2025,769,779.25,779.8333386
21-01-2025,784.7999878,759.0499878,759.6364331
22-01-2025,762,753.4500122,754.0373188
23-01-2025,750,745.9000244,746.4884922
24-01-2025,749.9000244,744.1500244,744.7387613
27-01-2025,740,749.2000122,749.7879725
28-01-2025,757,752.4000244,752.9874925
29-01-2025,753,758.4500122,759.0365498
30-01-2025,758.5499878,762.5999756,763.1858749
31-01-2025,764.9000244,772.9000244,773.4843396
